JacksonHoleTownSquare,USA,001.JacksonHoleTownSquare_20200910_210625.mp4,https://www.youtube.com/watch?v=1EiC9bvVGnk
TimeSquare,USA,002.TimeSquare_20211130_153210.mp4,https://www.youtube.com/watch?v=AdUw5RdyZxI
HidaTakayama,Japan,003.HidaTakayama_20211123_235240.mp4,https://www.youtube.com/watch?v=53AsLrecIS8
HidaTakayamaNakabushi,Japan,004.HidaTakayamaNakabushi_20211123_235356.mp4,https://www.youtube.com/watch?v=bUF_ODQpjXU
TiniMartiniBar,USA,005.TiniMartiniBar_20211124_163019.mp4,https://www.youtube.com/watch?v=Zv1fgmd1pr4
ShinjukuOugado,Japan,006.ShinjukuOugado_20211123_235300.mp4,https://www.youtube.com/watch?v=RQA5RcIZlAM
ShinjukuSeibuShinjukuEki,Japan,007.ShinjukuSeibuShinjukuEki_20211123_235653.mp4,https://www.youtube.com/watch?v=X437XmpsopA
ShinjukuNekome,Japan,008.ShinjukuNekome_20211124_014745.mp4,https://www.youtube.com/watch?v=zRp1ZX1OBiE
Akibahara,Japan,009.Akibahara_20211124_020702.mp4,https://www.youtube.com/watch?v=PGggx7llyf8
AsakusaSensoji,Japan,010.AsakusaSensoji_20211124_020749.mp4,https://www.youtube.com/watch?v=nOk4cd0kkp8
CanmoreBowValley,Canada,011.CanmoreBowValley_20211124_163335.mp4,https://www.youtube.com/watch?v=LukZYc16iiE
Canmore,Canada,012.Canmore_20211127_181156.mp4,https://www.youtube.com/watch?v=zJkkq4QwsX8
Revelstoke,Canada,013.Revelstoke_20211124_205130.mp4,https://www.youtube.com/watch?v=BahXDYWQAKk
Steinbach,Canada,014.Steinbach_20211124_184158.mp4,https://www.youtube.com/watch?v=ttYtUpaeCNY
HarborSprings,USA,015.HarborSprings_20211124_163431.mp4,https://www.youtube.com/watch?v=4f60fWNqZjI
Varna,Bulgaria,016.Varna_20211125_145023.mp4,https://www.youtube.com/watch?v=BGCytWLOmyA
HermosaBeach,USA,017.HermosaBeach_20211124_184120.mp4,https://www.youtube.com/watch?v=wc4Vy1T6hcE
LondonBusRide,UK,018.LondonBusRide_20211125_050610.mp4,https://www.youtube.com/watch?v=_fEFwOp2wLE
GeorgeWashingtonBridge,USA,019.GeorgeWashingtonBridge_20211124_184046.mp4,https://www.youtube.com/watch?v=-rjDeUjXlEs
OxfordMartinSchool,UK,020.OxfordMartinSchool_20211125_145135.mp4,https://www.youtube.com/watch?v=St7aTfoIdYQ
ChurchStreet,USA,021.ChurchStreet_20211124_184005.mp4,https://www.youtube.com/watch?v=DcDZzEa5Yvw
TellurideDowntown,USA,022.TellurideDowntown_20211126_210855.mp4,https://www.youtube.com/watch?v=Y_TLxje5Qw4
CoveredBridge,USA,023.CoveredBridge_20211126_150335.mp4,https://www.youtube.com/watch?v=GTpd5LSRO-0
StageNeckInn,USA,024.StageNeckInn_20211126_150330.mp4,https://www.youtube.com/watch?v=cYdsBXC7ZR8
AdventureRentals,USA,025.AdventureRentals_20211128_170340.mp4,https://www.youtube.com/watch?v=2_0BhySMnR4
LasVegas,USA,026.LasVegas_20211127_181234.mp4,https://www.youtube.com/watch?v=gVIlNsKWgYE
Leavenworth,USA,027.Leavenworth_20211124_204859.mp4,https://www.youtube.com/watch?v=lim5hCR59kw
SagaArashiyama,Japan,028.SagaArashiyama_20211124_020825.mp4,https://www.youtube.com/watch?v=jqtsC5BYlIk
FushimiInari,Japan,029.FushimiInari_20211124_020850.mp4,https://www.youtube.com/watch?v=pgqwfZj9HPY
KyotoStation,Japan,030.KyotoStation_20211124_234510.mp4,https://www.youtube.com/watch?v=v9rQqa_VTEY
NishikiMarket,Japan,031.NishikiMarket_20211124_234550.mp4,https://www.youtube.com/watch?v=wuC8wRvXock
PhilosophersPath,Japan,032.PhilosophersPath_20211124_234625.mp4,https://www.youtube.com/watch?v=S6IkZhhwG4A
ZeroPointLevi,Finland,033.ZeroPointLevi_20211125_145215.mp4,https://www.youtube.com/watch?v=LwihxyJ4V20
HigashiHonganji,Japan,034.HigashiHonganji_20211124_234654.mp4,https://www.youtube.com/watch?v=rbOAV3Pc3p8
WinterGarden,USA,035.WinterGarden_20211127_181206.mp4,https://www.youtube.com/watch?v=gFI5ieIpLzU
ChernyakhovskogoUlitsa,Russia,036.ChernyakhovskogoUlitsa_20211125_050730.mp4,https://www.youtube.com/watch?v=Z6O-6UfpGow
FlatCreekInn,USA,037.FlatCreekInn_20211124_163515.mp4,https://www.youtube.com/watch?v=zTYIt6NjmYo
SiestaBeach,USA,038.SiestaBeach_20211124_204821.mp4,https://www.youtube.com/watch?v=NLhxcyzXQxM
OmoteSando,Japan,039.OmoteSando_20211125_015119.mp4,https://www.youtube.com/watch?v=8BoMJR7gq9I
Dotonbori,Japan,040.Dotonbori_20211125_015135.mp4,https://www.youtube.com/watch?v=obBXTNtmftM
ShiodomeRails,Japan,041.ShiodomeRails_20211125_015235.mp4,https://www.youtube.com/watch?v=QOjmvL3e7Lc
BasilicadiSanFrancesco,Italy,042.BasilicadiSanFrancesco_20211125_145245.mp4,https://www.youtube.com/watch?v=PuLUfjYyk2o
Assisi,Italy,043.Assisi_20211126_100149.mp4,https://www.youtube.com/watch?v=CkNeltsc5ps
PontedelleGuglieVenice,Italy,044.PontedelleGuglieVenice_20211126_150325.mp4,https://www.youtube.com/watch?v=HpZAez2oYsA
BeursvanBerlage,Netherlands,045.BeursvanBerlage_20211125_145345.mp4,https://www.youtube.com/watch?v=KZP_sVrAE4U
SantaClausVillage,Finland,046.SantaClausVillage_20211126_100205.mp4,https://www.youtube.com/watch?v=Cp4RRAEgpeU
Breckenridge,USA,047.Breckenridge_20211126_210851.mp4,https://www.youtube.com/watch?v=SH63YaIWyK0
HuntingtonBeachPier,USA,048.HuntingtonBeachPier_20211126_210855.mp4,https://www.youtube.com/watch?v=xXV3sz92k8w
Marunouchi,Japan,049.Marunouchi_20211125_050830.mp4,https://www.youtube.com/watch?v=WlzQuiqIIV4
ShinMidousuji,Japan,050.ShinMidousuji_20211125_050905.mp4,https://www.youtube.com/watch?v=mEx0DiQcOQw
LaGrange,USA,051.LaGrange_20211127_181205.mp4,https://www.youtube.com/watch?v=y7QiNgui5Tg
PlaceCentraleVerbier,Switzerland,052.PlaceCentraleVerbier_20211126_100140.mp4,https://www.youtube.com/watch?v=yDKJMdZTEXQ
ComputerClinicHQ,USA,053.ComputerClinicHQ_20211126_210855.mp4,https://www.youtube.com/watch?v=j1GLs_fMn1s
IceSkatingCamera,USA,054.IceSkatingCamera_20211130_182902.mp4,https://www.youtube.com/watch?v=zTdTIpPiOnQ
Portsmouth,USA,055.Portsmouth_20211130_182900.mp4,https://www.youtube.com/watch?v=2_nO93tUiRM
BryantParkSkateCam,USA,056.BryantParkSkateCam_20211130_153220.mp4,https://www.youtube.com/watch?v=frT95g0j4iY
BostonMuseumofScience,USA,057.BostonMuseumofScience_20211130_182845.mp4,https://www.youtube.com/watch?v=HsJGVcFlc8o
MarketCentralCambridge,USA,058.MarketCentralCambridge_20211130_153214.mp4,https://www.youtube.com/watch?v=f1DyY6a44yA
PublicSquareWatertown,USA,059.PublicSquareWatertown_20211130_153220.mp4,https://www.youtube.com/watch?v=qP1y7Tdab7Y
WestfieldParkSquare,USA,060.WestfieldParkSquare_20211130_153220.mp4,https://www.youtube.com/watch?v=j-3HE9Ems-E
Kongousan,Japan,061.Kongousan_20211129_231830.mp4,https://www.youtube.com/watch?v=jhrruoCwsSo
AkashiKaikyoBridge,Japan,062.AkashiKaikyoBridge_20211129_231745.mp4,https://www.youtube.com/watch?v=OSEUdIvd-FU
NisekoHondaCoffee,Japan,063.NisekoHondaCoffee_20211129_231740.mp4,https://www.youtube.com/watch?v=YJFuWGgi1kU
Tsutenkaku,Japan,064.Tsutenkaku_20211129_231815.mp4,https://www.youtube.com/watch?v=GLElRtACdOQ
Azumabashi,Japan,065.Azumabashi_20211129_231824.mp4,https://www.youtube.com/watch?v=S581fbJPqgc
HakataNakasu,Japan,066.HakataNakasu_20211129_231831.mp4,https://www.youtube.com/watch?v=xvA-drlRwvg
Kabukicho,Japan,067.Kabukicho_20211130_014241.mp4,https://www.youtube.com/watch?v=EHkMjfMw7oU
GatlinburgSkyLiftPark,USA,068.GatlinburgSkyLiftPark_20211130_182905.mp4,https://www.youtube.com/watch?v=LQpGUOJtdnY
PanteleimonivskaSt,Ukraine,069.PanteleimonivskaSt_20211130_082715.mp4,https://www.youtube.com/watch?v=mp29PnTFVrc
DyukSprava,Ukraine,070.DyukSprava_20211130_083915.mp4,https://www.youtube.com/watch?v=BlywGRXC1B0
UstKut,Russia,071.UstKut_20211130_014220.mp4,https://www.youtube.com/watch?v=rLFKJwAo38M
SanPellegrino,Italy,072.SanPellegrino_20211130_090909.mp4,https://www.youtube.com/watch?v=pxmN4Owqdmk
PlacedYouville,Canada,073.PlacedYouville_20211130_153156.mp4,https://www.youtube.com/watch?v=ZEAMi6-jP_s
CastroStreetCam,USA,074.CastroStreetCam_20211130_182904.mp4,https://www.youtube.com/watch?v=JHJwk2wddU4
MarunumaKogen,Japan,075.MarunumaKogen_20211130_042715.mp4,https://www.youtube.com/watch?v=cqvEOhOzN2o
RyukyuShimpo,Japan,076.RyukyuShimpo_20211130_042715.mp4,https://www.youtube.com/watch?v=59_rjctlEzk
Reykjavik,Iceland,077.Reykjavik_20211201_104735.mp4,https://www.youtube.com/watch?v=C9OGOt2cn4A
VolgogradCenter,Russia,078.VolgogradCenter_20211201_062935.mp4,https://www.youtube.com/watch?v=oYQjSe9h8bU
PortofHelsinki,Finland,079.PortofHelsinki_20211201_074730.mp4,https://www.youtube.com/watch?v=CvOB-Is_yYU
PanoramaWolsztyna,Poland,080.PanoramaWolsztyna_20211201_074736.mp4,https://www.youtube.com/watch?v=X0GfHDJnKJQ
CentralMemorialPark,Canada,081.CentralMemorialPark_20211201_161640.mp4,https://www.youtube.com/watch?v=xsRDTfuksyI
DowntownHouston,USA,082.DowntownHouston_20211201_161625.mp4,https://www.youtube.com/watch?v=hjqbpnigAHA
DublinCity,Ireland,083.DublinCity_20211201_103535.mp4,https://www.youtube.com/watch?v=ulBLMx5Iokc
DuluthCanal,USA,084.DuluthCanal_20211201_161625.mp4,https://www.youtube.com/watch?v=9k_sg8rhsgk
MichaelWeissStreetBrasov,Romania,085.MichaelWeissStreetBrasov_20211201_082935.mp4,https://www.youtube.com/watch?v=G05wmWFDtSo
PassoAbetone,Italy,086.PassoAbetone_20211201_094135.mp4,https://www.youtube.com/watch?v=fjnJ2fzlh4g
PrimorskiyBulvar,Ukraine,087.PrimorskiyBulvar_20211202_083050.mp4,https://www.youtube.com/watch?v=5sHimKzFHqk
TrasaZdorovya,Ukraine,088.TrasaZdorovya_20211203_093430.mp4,https://www.youtube.com/watch?v=E3q6i5mGr40
RedondoBeachPier,USA,089.RedondoBeachPier_20211202_184025.mp4,https://www.youtube.com/watch?v=VXB4h6AuCKw
UstKutKirovSquare,Russia,090.UstKutKirovSquare_20211202_023045.mp4,https://www.youtube.com/watch?v=XcNEsfavRn4
UstKutCentralIntersection,Russia,091.UstKutCentralIntersection_20211202_021819.mp4,https://www.youtube.com/watch?v=ZaiS9StuSAo
UstKutCDCMagistral,Russia,092.UstKutCDCMagistral_20211202_021248.mp4,https://www.youtube.com/watch?v=5s1ticGB_CU
UstKutDKRechniki,Russia,093.UstKutDKRechniki_20211202_023644.mp4,https://www.youtube.com/watch?v=aChAxE35slk
SorVarangerKirkenes,Norway,094.SorVarangerKirkenes_20211202_093643.mp4,https://www.youtube.com/watch?v=bdEYa2oBtII
WebkameraKristiansund,Norway,095.WebkameraKristiansund_20211202_093115.mp4,https://www.youtube.com/watch?v=mo1THZRXukI
PlatjadAroCenter,Spain,096.PlatjadAroCenter_20211202_092450.mp4,https://www.youtube.com/watch?v=S4AG47F94Ss
SurugawanFerry,Japan,097.SurugawanFerry_20211202_014252.mp4,https://www.youtube.com/watch?v=pj8r6m24lh8
CameraSolikamsk,Russia,098.CameraSolikamsk_20211202_053648.mp4,https://www.youtube.com/watch?v=TiEX7_ItkGY
GostinyDvor,Russia,099.GostinyDvor_20211202_073045.mp4,https://www.youtube.com/watch?v=WInT7NRq2Ss
BadenBaden,Germany,100.BadenBaden_20211202_093050.mp4,https://www.youtube.com/watch?v=x9i1fkDovLI
AmsterdamLive,Netherlands,101.AmsterdamLive_20211204_104342.mp4,https://www.youtube.com/watch?v=8dQbULXs0U4
Skykomish,USA,102.Skykomish_20211202_184029.mp4,https://www.youtube.com/watch?v=kP36naZBBhE
DuluthAerialLiftBridge,USA,103.DuluthAerialLiftBridge_20211202_181025.mp4,https://www.youtube.com/watch?v=BzwWjdZXymc
DuluthBayfront,USA,104.DuluthBayfront_20211202_181025.mp4,https://www.youtube.com/watch?v=Jc4LpjP67Nw
Ashland,USA,105.Ashland_20211202_164020.mp4,https://www.youtube.com/watch?v=VIwzSSGbxZw
BeachCamDevon,UK,106.BeachCamDevon_20211203_110335.mp4,https://www.youtube.com/watch?v=xsD21zBb73o
RainbowBridgeTokyo,Japan,107.RainbowBridgeTokyo_20211203_013430.mp4,https://www.youtube.com/watch?v=rzdEm7mWtFI
ResortsCasinoHotelBeach,USA,108.ResortsCasinoHotelBeach_20211203_164243.mp4,https://www.youtube.com/watch?v=vVyBOU9Huvo
SouthPointLevi,Finland,109.SouthPointLevi_20211203_094626.mp4,https://www.youtube.com/watch?v=89vRm9bb9_c
LeviSkiResort,Finland,110.LeviSkiResort_20211203_095815.mp4,https://www.youtube.com/watch?v=BJtkzEa6Tbg
SecretGardenBangRak,Thailand,111.SecretGardenBangRak_20211203_033429.mp4,https://www.youtube.com/watch?v=DnoXDghRjU8
MoriPoint,USA,112.MoriPoint_20211202_205250.mp4,https://www.youtube.com/watch?v=Uwz5WBSUGS4
Erasmusbrug,Netherlands,113.Erasmusbrug_20211203_101028.mp4,https://www.youtube.com/watch?v=gsViKzj7nuQ
Kennebunkport,USA,114.Kennebunkport_20211203_164245.mp4,https://www.youtube.com/watch?v=HmBoxDwR2I8
DowntownBangor,USA,115.DowntownBangor_20211203_164245.mp4,https://www.youtube.com/watch?v=dMUIwIn3LGA
UstKutChristmasTree,Russia,116.UstKutChristmasTree_20211204_030655.mp4,https://www.youtube.com/watch?v=xDYniDIkc0k
SaintBonSquare,Italy,117.SaintBonSquare_20211204_104110.mp4,https://www.youtube.com/watch?v=TSHqQy-ugQk
WhistlerOlympicPlaza,Canada,118.WhistlerOlympicPlaza_20211204_174640.mp4,https://www.youtube.com/watch?v=UrMyKCCgiyw
DeadwoodCam,USA,119.DeadwoodCam_20211204_174655.mp4,https://www.youtube.com/watch?v=7vWiPBZexW0
HotelSturgis,USA,120.HotelSturgis_20211204_174715.mp4,https://www.youtube.com/watch?v=d66NPsy_MPg
SturgisLiquor,USA,121.SturgisLiquor_20211204_174715.mp4,https://www.youtube.com/watch?v=00s-daBWCZA
SturgisMotorcycleMuseum,USA,122.SturgisMotorcycleMuseum_20211204_174735.mp4,https://www.youtube.com/watch?v=WuhUkOvFMyA
WalkingStreetLamai,Thailand,123.WalkingStreetLamai_20211204_033400.mp4,https://www.youtube.com/watch?v=85QS7jJuwKU
PiazzadelCampo,Italy,124.PiazzadelCampo_20211204_102010.mp4,https://www.youtube.com/watch?v=Zt_S-DpOBuU
LivignoCenter,Italy,125.LivignoCenter_20211204_102329.mp4,https://www.youtube.com/watch?v=CRbOu0ygzLA
CerretoLakes,Italy,126.CerretoLakes_20211204_102430.mp4,https://www.youtube.com/watch?v=vdK4lu3fMes
MarunumaKogenYellowCourse,Japan,127.MarunumaKogenYellowCourse_20211204_032725.mp4,https://www.youtube.com/watch?v=Kg1Q-47xGJQ
MarunumaKogenRestaurant,Japan,128.MarunumaKogenRestaurant_20211204_032905.mp4,https://www.youtube.com/watch?v=Xd5ssXY_BVA
VischmarktElburg,Netherlands,129.VischmarktElburg_20211204_100120.mp4,https://www.youtube.com/watch?v=UWZNkLXKDpo
Tanukikoji,Japan,130.Tanukikoji_20211204_033433.mp4,https://www.youtube.com/watch?v=e8pFGq15ZgY
HakodateLiveCam,Japan,131.HakodateLiveCam_20211207_011100.mp4,https://www.youtube.com/watch?v=0AxYcqpDkT4
ShibuyaScrambleCrossing,Japan,132.ShibuyaScrambleCrossing_20211207_011250.mp4,https://www.youtube.com/watch?v=HpdO5Kq3o7Y
BaoBabRestaurantLamai,Thailand,133.BaoBabRestaurantLamai_20211207_061505.mp4,https://www.youtube.com/watch?v=94FyHEZ0btI
RichieBeachLamai,Thailand,134.RichieBeachLamai_20211207_050610.mp4,https://www.youtube.com/watch?v=xfa3LoEpgCI
OdorihigashiSapporo,Japan,135.OdorihigashiSapporo_20211207_012139.mp4,https://www.youtube.com/watch?v=uqLrH3o6dfU
NisekoViewPlaza,Japan,136.NisekoViewPlaza_20211207_012257.mp4,https://www.youtube.com/watch?v=dXenEryqSv8
HokkaidoJingu,Japan,137.HokkaidoJingu_20211207_014145.mp4,https://www.youtube.com/watch?v=ncms9E0iRWA
SeoulWalkHotSpots,South Korea,138.SeoulWalkHotSpots_20211207_012740.mp4,https://www.youtube.com/watch?v=fgtHOSMwasU
WalkingHanoiSaigon,Vietnam,139.WalkingHanoiSaigon_20211207_012910.mp4,https://www.youtube.com/watch?v=Z0j6FslGlDg
BondiLamai,Thailand,140.BondiLamai_20211207_043308.mp4,https://www.youtube.com/watch?v=OvwBoURRqRk
BeachBarStJohn,USVI,141.BeachBarStJohn_20211207_013515.mp4,https://www.youtube.com/watch?v=2wqpy036z24
CruzBayBeachStJohn,USVI,142.CruzBayBeachStJohn_20211207_161950.mp4,https://www.youtube.com/watch?v=tOcn_ZdGIfQ
CruzBayFerryStJohn,USVI,143.CruzBayFerryStJohn_20211207_161954.mp4,https://www.youtube.com/watch?v=MZgnOBBcPgQ
LifeonKohPhangan,Thailand,144.LifeonKohPhangan_20211207_042045.mp4,https://www.youtube.com/watch?v=08JA6TeeQEs
TokyoWalk,Japan,145.TokyoWalk_20211207_025225.mp4,https://www.youtube.com/watch?v=gC4dJGHWwDU
CrossShinjukuBuilding,Japan,146.CrossShinjukuBuilding_20220210_024830.mp4,https://www.youtube.com/watch?v=ISbvot_zEe0
HollywoodBeachBroadwalk,USA,147.HollywoodBeachBroadwalk_20211207_161955.mp4,https://www.youtube.com/watch?v=cmkAbDUEoyA
LausannePontBessieres,Switzerland,148.LausannePontBessieres_20220209_133500.mp4,https://www.youtube.com/watch?v=y3sMI1HtZfE
HakataEkimae,Japan,149.HakataEkimae_20211207_031440.mp4,https://www.youtube.com/watch?v=9lGlCPpoFuQ
CastroStreetCam3,USA,150.CastroStreetCam3_20211209_152020.mp4,https://www.youtube.com/watch?v=yuHbyiEdDc0
MitakeTakimotoEki,Japan,151.MitakeTakimotoEki_20211209_035130.mp4,https://www.youtube.com/watch?v=KFZsZ9oCgaM
KibaKouen,Japan,152.KibaKouen_20211209_025320.mp4,https://www.youtube.com/watch?v=y9zsU77nJHo
KandagawaCamera,Japan,153.KandagawaCamera_20211209_025440.mp4,https://www.youtube.com/watch?v=-nt61MhttYo
NishiazabuCamera,Japan,154.NishiazabuCamera_20211209_021950.mp4,https://www.youtube.com/watch?v=k41SSNJQNHA
KamakuraWakamiyaOji,Japan,155.KamakuraWakamiyaOji_20211209_015834.mp4,https://www.youtube.com/watch?v=WfIjwNDNQ48
KanzanDogoOnsen,Japan,156.KanzanDogoOnsen_20211209_020605.mp4,https://www.youtube.com/watch?v=GI5StZpSpRs
IidaCableTV,Japan,157.IidaCableTV_20211209_022140.mp4,https://www.youtube.com/watch?v=6DOQY2nE-U4
MichinoekiNikkou,Japan,158.MichinoekiNikkou_20211209_000940.mp4,https://www.youtube.com/watch?v=5y8hgDUyj_E
MonumentSquareTreeCam,USA,159.MonumentSquareTreeCam_20211209_174605.mp4,https://www.youtube.com/watch?v=HPzBI1Qzd8Y
LeavenworthKrisKring,USA,160.LeavenworthKrisKring_20211209_174605.mp4,https://www.youtube.com/watch?v=TmtVbezZaqg
NevskiyAveStPetersburg,Russia,161.NevskiyAveStPetersburg_20211209_082224.mp4,https://www.youtube.com/watch?v=MrHrceiYn2c
YurikamomeUnga,Japan,162.YurikamomeUnga_20211209_020435.mp4,https://www.youtube.com/watch?v=vz85B9ud1vs
GualdoTadino,Italy,163.GualdoTadino_20211209_102930.mp4,https://www.youtube.com/watch?v=50kkmEoTMcY
GubbioLive,Italy,164.GubbioLive_20211209_103110.mp4,https://www.youtube.com/watch?v=tUPmbZqrC6I
PiazzaFontana,Italy,165.PiazzaFontana_20211209_103526.mp4,https://www.youtube.com/watch?v=vfz13GpXZZg
SattaTougeFujisan,Japan,166.SattaTougeFujisan_20211209_021749.mp4,https://www.youtube.com/watch?v=CWNjN2bYzsA
BridgeCamCharlevoix,USA,167.BridgeCamCharlevoix_20211209_151955.mp4,https://www.youtube.com/watch?v=rr-Ehp4lhmg
FortZacharyTaylorPark,USA,168.FortZacharyTaylorPark_20211210_164210.mp4,https://www.youtube.com/watch?v=ZdEtWCgm9fw
FourCornersCamera,USA,169.FourCornersCamera_20211210_164340.mp4,https://www.youtube.com/watch?v=rQ55zQZjUro
MiamiCountySoutheast,USA,170.MiamiCountySoutheast_20220209_154035.mp4,https://www.youtube.com/watch?v=w8u_xP5Ri7E
SnakesLaneEast,UK,171.SnakesLaneEast_20211210_165406.mp4,https://www.youtube.com/watch?v=kW3ALXNeXlM
AmmanfordCamLeft,UK,172.AmmanfordCamLeft_20211210_165531.mp4,https://www.youtube.com/watch?v=p7_tBjzWHoI
WalkingNewYorkCity,USA,173.WalkingNewYorkCity_20211210_165808.mp4,https://www.youtube.com/watch?v=J6LiOrQoih4
OkinawaGinowan,Japan,174.OkinawaGinowan_20211212_033016.mp4,https://www.youtube.com/watch?v=J_1N91vLt38
OnodenCh,Japan,175.OnodenCh_20211212_033230.mp4,https://www.youtube.com/watch?v=2Pj1YPGSFjU
ElburgdeVesting,Netherlands,176.ElburgdeVesting_20211212_093459.mp4,https://www.youtube.com/watch?v=-cWLQpSBY7g
LucentDanstheaterDenHaag,Netherlands,177.LucentDanstheaterDenHaag_20211212_093615.mp4,https://www.youtube.com/watch?v=eyG-t4xh6Hg
DeribasovskayaUlitsa,Ukraine,178.DeribasovskayaUlitsa_20211212_083815.mp4,https://www.youtube.com/watch?v=E9HskjsldsU
GrecheskayaPloshchad,Ukraine,179.GrecheskayaPloshchad_20211212_084035.mp4,https://www.youtube.com/watch?v=r3IMNo-s0XA
TinosIsland,Greece,180.TinosIsland_20211212_084437.mp4,https://www.youtube.com/watch?v=J0-Hr_1KdDE